id,first_name,last_name,email,gender,city,country
1,Stanford,Salleir,ssalleir0@sphinn.com,Male,Dar es Salaam,Tanzania
2,Chery,Meconi,cmeconi1@icq.com,Non-binary,Jiangjiazui,China
3,Sammie,Wandrach,swandrach2@php.net,Male,Luleå,Sweden
4,Waly,McIntosh,wmcintosh3@prweb.com,Female,Tarascon,France
5,Barbara,Rzehor,brzehor4@npr.org,Female,Pasirreungit,Indonesia
6,Trace,Swiffan,tswiffan5@upenn.edu,Male,Drammen,Norway
7,Ralph,Bercher,rbercher6@csmonitor.com,Male,Ambatondrazaka,Madagascar
8,Homere,Mallall,hmallall7@reddit.com,Genderqueer,Changting,China
9,Osmund,Guyonnet,oguyonnet8@mashable.com,Male,Atibaia,Brazil
10,Odessa,Witherbed,owitherbed9@about.me,Female,Honglu,China
11,Jannel,Tuminelli,jtuminellia@ovh.net,Female,Tuka,Philippines
12,Abner,Krugmann,akrugmannb@google.fr,Male,Lindavista,Mexico
13,Anetta,Symson,asymsonc@yelp.com,Female,Pingya,China
14,Jobey,Rounsefell,jrounsefelld@alexa.com,Female,Jishui,China
15,Raphaela,McIntosh,rmcintoshe@zdnet.com,Female,Kapitanivka,Ukraine
16,Flynn,Giacomuzzi,fgiacomuzzif@shop-pro.jp,Male,Nacala,Mozambique
17,Massimo,Walden,mwaldeng@harvard.edu,Male,Chenxiang,China
18,Orton,Dunsleve,odunsleveh@linkedin.com,Male,Qingfenglin,China
19,Bentley,Nowakowski,bnowakowskii@clickbank.net,Male,Komyshnya,Ukraine
20,Dela,Cruces,dcrucesj@google.com,Female,Ji Paraná,Brazil
21,Beauregard,Ames,bamesk@utexas.edu,Male,Kasulu,Tanzania
22,Brittaney,Arkcoll,barkcolll@google.de,Female,Sinisian,Philippines
23,Marabel,Brokenshaw,mbrokenshawm@nytimes.com,Female,Capulaan,Philippines
24,Gray,Penhearow,gpenhearown@addtoany.com,Female,Jiaxing,China
25,Nadean,Kimmins,nkimminso@businesswire.com,Non-binary,Youyun,China
26,Stillmann,Liveley,sliveleyp@1688.com,Male,Carabamba,Peru
27,Indira,Maudsley,imaudsleyq@woothemes.com,Female,Hushi,China
28,Darda,Vedntyev,dvedntyevr@shutterfly.com,Female,Cravo Norte,Colombia
29,Torrence,Martynikhin,tmartynikhins@abc.net.au,Male,Magoúla,Greece
30,Belvia,Cornborough,bcornborought@msn.com,Genderfluid,George Town,Cayman Islands
31,Milka,Spatig,mspatigu@mayoclinic.com,Female,Luzon,Philippines
32,Herold,Treweela,htreweelav@indiegogo.com,Male,Middelburg,Netherlands
33,Barbabra,Henrych,bhenrychw@devhub.com,Female,Bajomulyo,Indonesia
34,Hurley,McIlveen,hmcilveenx@sfgate.com,Polygender,Smolensk,Russia
35,Janelle,Bezant,jbezanty@so-net.ne.jp,Female,Gaofeng,China
36,Wilmar,Ibbotson,wibbotsonz@patch.com,Male,Kinsale,Ireland
37,Nichol,Wybron,nwybron10@multiply.com,Female,Vranje,Serbia
38,Annis,Guidini,aguidini11@answers.com,Female,Sendai,Japan
39,Denver,Huthart,dhuthart12@theatlantic.com,Male,Melaka,Malaysia
40,Franky,Lichfield,flichfield13@cnbc.com,Female,Guixi,China
41,Bernette,Blackway,bblackway14@nhs.uk,Female,Capanema,Brazil
42,Garrard,Gaylor,ggaylor15@columbia.edu,Male,Las Flores,Mexico
43,Teddie,Nono,tnono16@yale.edu,Female,Aizkraukle,Latvia
44,Farlie,Rignoldes,frignoldes17@wordpress.org,Male,Taramana,Indonesia
45,Nelli,Bispham,nbispham18@wordpress.com,Female,Kanada,Indonesia
46,Jamison,Olver,jolver19@blinklist.com,Male,Hronov,Czech Republic
47,Dillie,Spadaro,dspadaro1a@miitbeian.gov.cn,Male,Umeå,Sweden
48,Giordano,Sandercroft,gsandercroft1b@hostgator.com,Male,Suslonger,Russia
49,Tobi,Babb,tbabb1c@telegraph.co.uk,Female,Zhongzhai,China
50,Perren,Corona,pcorona1d@va.gov,Non-binary,Yamparáez,Bolivia
51,Cloe,O' Cloney,cocloney1e@vkontakte.ru,Female,Mirebalais,Haiti
52,Doralin,Splevings,dsplevings1f@unc.edu,Female,Novoishimskiy,Kazakhstan
53,Lolita,McCawley,lmccawley1g@macromedia.com,Female,Rebrikha,Russia
54,Rowland,Plews,rplews1h@uiuc.edu,Male,Cimuncang,Indonesia
55,Suzi,Prater,sprater1i@goo.ne.jp,Female,Cheremnoye,Russia
56,Caye,Benaine,cbenaine1j@sourceforge.net,Female,Staroutkinsk,Russia
57,Brett,Pasby,bpasby1k@toplist.cz,Female,Lansing,United States
58,Tiler,Bignall,tbignall1l@netscape.com,Male,Itaperuna,Brazil
59,Octavia,Orneles,oorneles1m@blogs.com,Female,Al Ḩarf,Yemen
60,Tarrance,Pilpovic,tpilpovic1n@noaa.gov,Male,Isulan,Philippines
61,Corey,Strowger,cstrowger1o@cargocollective.com,Female,Prilep,Kosovo
62,Benson,Hodge,bhodge1p@ustream.tv,Male,Cariamanga,Ecuador
63,Briggs,Gowanlock,bgowanlock1q@tripadvisor.com,Male,Bezenchuk,Russia
64,Roana,Turfrey,rturfrey1r@bravesites.com,Female,Cikuray,Indonesia
65,Rene,Daveley,rdaveley1s@yahoo.co.jp,Male,San Diego,United States
66,Fanni,Mollene,fmollene1t@nytimes.com,Female,Paynjuwayn,Iraq
67,Biron,Vasilchikov,bvasilchikov1u@google.co.jp,Genderfluid,Al Karmil,Palestinian Territory
68,Hillery,Coulton,hcoulton1v@mozilla.org,Male,Anopog,Philippines
69,Kati,Kobierra,kkobierra1w@skype.com,Female,Kaset Wisai,Thailand
70,Catrina,Neil,cneil1x@tripadvisor.com,Female,Sobral,Brazil
71,Roxi,Folcarelli,rfolcarelli1y@aboutads.info,Female,Jindong,China
72,Blanch,Raincin,braincin1z@cam.ac.uk,Female,Cambará,Brazil
73,Magdalen,Wabb,mwabb20@free.fr,Female,Rzozów,Poland
74,Shelden,Ferronet,sferronet21@flickr.com,Male,Sampangbitung,Indonesia
75,Teodoor,Anstice,tanstice22@technorati.com,Male,Xinzhaiping,China
76,Elsinore,Ellwood,eellwood23@deliciousdays.com,Female,Gutang,China
77,Yancey,Poleye,ypoleye24@nifty.com,Male,Victoria,Philippines
78,Alene,Hearons,ahearons25@bbb.org,Female,Chencai,China
79,Bennie,Roony,broony26@simplemachines.org,Male,Krajan Atas Suger Lor,Indonesia
80,Obed,MacGilrewy,omacgilrewy27@nsw.gov.au,Male,Mstów,Poland
81,Shadow,Aleshintsev,saleshintsev28@desdev.cn,Male,Jiangchang,China
82,Rodrick,Goodbarr,rgoodbarr29@php.net,Male,Kratovo,Russia
83,Chucho,Gozney,cgozney2a@behance.net,Male,Tongjing,China
84,Archaimbaud,Twidell,atwidell2b@walmart.com,Male,Al Mawşil al Jadīdah,Iraq
85,Paton,Gookey,pgookey2c@usatoday.com,Male,Tsumeb,Namibia
86,Tomi,Rudolfer,trudolfer2d@columbia.edu,Female,Kunwi,South Korea
87,Vevay,Puddicombe,vpuddicombe2e@indiatimes.com,Female,Lebak,Indonesia
88,Tiphani,Rashleigh,trashleigh2f@admin.ch,Female,Cantagallo,Colombia
89,Denys,Roden,droden2g@posterous.com,Male,Tiflet,Morocco
90,Mildred,Huggin,mhuggin2h@usnews.com,Female,Patemon,Indonesia
91,Ardella,Chetwin,achetwin2i@google.es,Female,Esperalvillo,Dominican Republic
92,Erina,Quiney,equiney2j@taobao.com,Female,Kramarzówka,Poland
93,Lyman,Suffield,lsuffield2k@ning.com,Male,Pewel Wielka,Poland
94,Ky,de Mendoza,kdemendoza2l@feedburner.com,Male,Guangdu,China
95,Erna,Piatto,epiatto2m@paypal.com,Female,Pittsburgh,United States
96,Pamela,Josefson,pjosefson2n@spiegel.de,Female,Haoshui,China
97,Abigail,Blincow,ablincow2o@diigo.com,Female,Göteborg,Sweden
98,Arly,Arkil,aarkil2p@examiner.com,Female,Luis Donaldo Colosio,Mexico
99,Rockie,Putley,rputley2q@imgur.com,Male,Villa Francisca,Dominican Republic
100,Jessy,Castane,jcastane2r@si.edu,Female,Krasnapollye,Belarus
John,Doe,25
